image_id,original_id,text,parsed_teams,parsed_sentiments
3,1pyvrl5,"Video from 11 years ago titled ""Karl Towns POSTERS DEFENDER at 2014 Nike Hoop Summit.” Look who the defender turned out to be
Link - [https://youtu.be/g4bnBDBsM7g?si=gsOaiyBwNZb4u8ED](https://youtu.be/g4bnBDBsM7g?si=gsOaiyBwNZb4u8ED)",Minnesota Timberwolves,"sentiment_positive, type_humor"
5,1pyyn1y,"We got Draymond Green at home... Draymond Green at home:
...",Golden State Warriors,"type_humor, sentiment_neutral"
6,1pyyze5,"Luka drops his phone during interview and the reporter says ""turnover""",Dallas Mavericks,"type_humor, sentiment_neutral"
7,1pz0soc,Philadelphia 67ers,Philadelphia 76ers,"sentiment_negative, type_humor"
10,1pzfk6h,"You may not like it, but this is what peak Spurs performance looks like",San Antonio Spurs,"sentiment_negative, type_humor"
11,1pzmvz5,Luka really upgraded in life,Dallas Mavericks,"sentiment_positive, type_humor"
17,1q0jrti,The Luka experience as a Laker fan,Los Angeles Lakers,"sentiment_negative, type_humor"
18,1q0mr39,If LeBron just abandoned Bronny we could’ve had another 10 years of his prime,Los Angeles Lakers,"sentiment_negative, type_humor"
20,1q0tm5z,"spurs fanbase is doomed
“top 10 all time player when healthy” pels fans and lakers fans will comfort you and agree, but your love for basketball will slowly die as he spends weeks of the season on the bench and you crawl into the playoffs only to get swept out of the 1st round as you say “damn if only he was healthy!”",San Antonio Spurs,"sentiment_negative, type_humor"
21,1q0tr3z,"The Nuggets starting lineup is haunted, only explanation",Denver Nuggets,"sentiment_negative, type_humor"
22,1q0ubxs,Good lord,Atlanta Hawks,"sentiment_negative, type_humor"
23,1q0w0pe,Truly an unforgettable moment,"Boston Celtics, Golden State Warriors","sentiment_positive, type_humor"
25,1q208ii,This picture goes hard. Kawhi is on one lately,Toronto Raptors,"sentiment_positive, type_humor"
26,1q24rp6,"I printed a life size Deandre Ayton poster and now it’s in my shower
I took the Deandre Ayton copypasta too far..    

i finally crossed the line and i need to confess because at this point i cannot keep pretending this is just irony.

Some of you know me on this sub as the guy who keeps posting Ayton copypastas. At first it was jokes. Then it became a bit. Then it became a routine. And somewhere along the way i stopped being ironic without really noticing.

It all started with a stupid bet with another redditor here. We were arguing for the thousandth time about Deandre Ayton being misunderstood, secretly elite, spiritually dominant, etc. He jokingly said if i was really that close to Ayton i should prove it. i replied that if Ayton wanted me to do something i would do it. Bet was made. Loser had to commit to the bit.

So i did what any sane married adult would do. i ordered a life size poster of Deandre Ayton in a Lakers jersey.

i didn’t go to some shady random site either.   
i used a website called BigPoster dot com, the kind of website offices use to print conference banners and trade show standees.   
They literally have an option called custom life size poster. You upload an image, choose exact human dimensions.. not sure if this is waterproof tho. 

i uploaded a high resolution Ayton photo, selected 7 feet scale because accuracy matters, paid an amount of money i will not repeat here, and waited.

When the package arrived my wife asked what it was. i told her it was a mirror. This was my first lie..and im not proud of this

i installed it in the bathroom. Specifically inside the shower area. Facing inward. At eye level. When i shower now, it feels like Ayton is there. Watching and supporting.   
Evaluating my defensive positioning...i swear the steam makes it more realistic.

Is this gay? Probably. Is it cheating. Maybe?!  

At some point it stopped being about the bet. i now schedule my showers. i think about rotations. i apologize out loud when i miss spots. i catch myself explaining my day to a laminated image of a man who does not know i exist.

The worst part is that it feels normal now. Like i unlocked a hidden Ayton perk. Shower chemistry. Locker room aura. Elite vertical spacing in a tiled environment.

So yes. The rumors are true. i followed through. The poster exists. The relationship is real. The marriage is probably not long for this world.. but i still love Vando!

i just wanted you all to know that words have consequences and sometimes a copypasta becomes a lifestyle.

If Ayton sees this. I kept my promise.  
And right now as i’m writing this, i’m sitting in front of my computer in my underwear, eating a bowl of cereal. i don’t really know if this is the moment where i should seriously question my life choices, or if i should just keep going and quietly admire Deandre Ayton’s beautiful hands, because they genuinely look so soft it almost feels disrespectful not to appreciate them.",Los Angeles Lakers,"sentiment_positive, type_humor"
27,1q27bxt,LeBron fans MUST BE STOPPED,Cleveland Cavaliers,"sentiment_negative, type_humor"
28,1q2gg08,"Denver Swiss National Team 🇨🇭
I am a big joker fan and I was hoping for something good this season but those 🇨🇭🇨🇭🇨🇭are hard to beat.",Denver Nuggets,"sentiment_negative, type_humor"
29,1q2m7a0,What the Luka? 😅 Lakers assistant coach slaps Doncic on the arm and gravely injures him,Los Angeles Lakers,"sentiment_negative, type_humor"
30,1q2mtiy,Two Thrilling Hawks Wins!! Ah Ah!!,Atlanta Hawks,"sentiment_positive, type_humor"
31,1q2tn00,"Get this guy out of the NBA, he is ruining basketbal
Lamelo Ball will never win a playoff game in his career",Charlotte Hornets,"sentiment_negative, type_humor"
33,1q35cfx,Dwight Howard is in MrBeast’s next video,Orlando Magic,"type_humor, sentiment_neutral"
34,1q3alvy,"lakers are one of worst starting lineups
they are 6-7 since December 1 and have lost 12 of their last 14 playoff games",Los Angeles Lakers,"sentiment_negative, type_humor"
35,1q3znx9,"here’s what happened after i posted my bathroom poster of Ayton and got myself in even more trouble
ok so, quick update on everything cuz this whole thing has gotten completely out of hand.

so here’s the deal: i ordered the Ayton poster and a matching mug from the same website. at first i was super happy, couldn’t wait to put it up on socials, a little tribute to my Lakers… nothing serious.

the first photo i posted was the Ayton poster in my bathroom, all alone. idea was simple:
show the poster, make the shower a bit less sad, and have a laugh with you guys..
except my wife saw the reddit post.
at first she thought it was just like a personal thing, no big deal. but when she saw i actually posted it online… yeah, that was the moment shit hit the fan. she started threatening divorce, calling me completely sicko, and i had to explain why i thought everyone should see my bathroom poster… yeah, very embarassing.

uhh… so yeah, just wanted to give a little update and quickly show the mug pic. the mug with Ayton and his girlfriend on it, filled with TWG tea, cuz at least i’m not completely insane and i deserve a tiny bit of luxury even if my life is a mess.

so yeah, between the poster in the bathroom, the mug with Ayton , and my wife threatening divorce… my life is just total mess. but hey, got my TWG tea, watching my team, and at least Ayton and his girlfriend are there keeping me company. loyal, obsessed, loser, but loyal.
Lets go Lakers, lets destroy the grizzlies.","Los Angeles Lakers, Memphis Grizzlies","sentiment_negative, type_humor"
38,1q4eko4,Anthony Edwards vicious foul on SGA,Atlanta Hawks,"sentiment_negative, type_humor"
41,1q4qbea,"luka butchering chinese in a overwatch promo...ts way to funny
lmao he can barely pronounce, also any one from china or who knows mandarin pls translate",Dallas Mavericks,"sentiment_positive, type_humor"
43,1q4yfue,"Wrong answers only
Did anyone else know that Luka’s dad was in this tv show. “My two dad’s” from the late 1980’s early 90s.",Dallas Mavericks,"type_humor, sentiment_neutral"
44,1q52pmp,A truly historic run by Draymond Green 🙏🏽,Golden State Warriors,"sentiment_positive, type_highlight"
45,1q56et3,IS THIS YOUR KING?!?!,Golden State Warriors,"sentiment_positive, type_humor"
46,1q577c0,20 point loss to the Hornets lol.,Charlotte Hornets,"sentiment_negative, type_humor"
48,1q57tt7,Shai is really a 1 of 1 player. Imagine pulling out the flopping face at the free throw line SMH.,"Oklahoma City Thunder, Toronto Raptors","sentiment_negative, type_humor"
49,1q57w6j,"Hornets feed OKC their 7th loss
I’m not even a hornets fan - but the Thunder gotta know now how the warriors feel when they have bad shooting nights","Charlotte Hornets, Golden State Warriors, Oklahoma City Thunder","sentiment_negative, type_humor"
52,1q58slq,SGA and the refs be like,Atlanta Hawks,sentiment_negative
54,1q5gest,"I apologize for my past statements.
[Original post](https://www.reddit.com/r/NBATalk/comments/1pjy82e/the_thunder_went_on_a_206_run_to_end_the_half_20/)",Oklahoma City Thunder,"type_humor, sentiment_neutral"
56,1q5ntv5,"Thunder are 2-5 since Finch got ejected
Thunder are .500 since chris finch got ejected

  
edit: miss read a stat 2-5 against teams with a .500 record or better. 5-5 over all still a huge difference from 25-1 lol just making a meme though.",Oklahoma City Thunder,"type_humor, sentiment_neutral"
58,1q6265t,guys pleaseeeeeeee just a slightly bigger profit margin cmonnnnn just this one quarter,Atlanta Hawks,"sentiment_negative, type_humor"
60,1q65ffd,13 Loses - Pacers set a new Franchise Record breaking milestone set in the 80's,Indiana Pacers,"sentiment_negative, type_humor"
63,1q6wsdd,"Class Presentation about Rudy Gobert🥹
I’ve got a presentation for my french class tomorrow (in french ofc) about the great glorious Rudy Gobert. Pls pray for me🙏🙏 because i can’t speak french for shit",Utah Jazz,"sentiment_negative, type_humor"
64,1q6ylt6,"Fun Fact did you know that a regular G league game with Yang Hansen included, had more viewership than: MLB Game 7, NFL Christmas, NBA Christmas, Stanley Cup. What would the numbers be if somehow Hansen and Blazers reach atleast conference finals.. If a regular G League game pulled almost 50m...",Portland Trail Blazers,"sentiment_positive, type_humor"
68,1q7106k,"You're a Wizard, Trae
I'm a what?",Atlanta Hawks,"type_humor, sentiment_neutral"
70,1q72qq9,Hair line 9 &amp; 3/4,Boston Celtics,"type_humor, sentiment_neutral"
71,1q745uu,End of Another Hawk Era! Trae left it all on the court for the Hawks. Hawks Show Must Go On. Trae’s must too. AH AH AH!!!,Atlanta Hawks,"sentiment_positive, type_highlight, type_humor"
72,1q75k3w,"Tari Eason knows one word
When asked: ""What makes Deni so hard to defend?""

""Zebras""",Washington Wizards,"sentiment_negative, type_humor"
74,1q7m4p5,"Paolo's toe was behind the line. Haters gonna hate.
As close as it gets. If anything, too close to overturn.",Atlanta Hawks,"sentiment_negative, type_humor"
75,1q7ty2r,"TBT: Who was the biggest snub on the NBA 75 greatest list?
Lot of solid names on this list from the NBA 75th anniversary team. Hard to overlook Vinsanity imho.","Memphis Grizzlies, Toronto Raptors","sentiment_positive, type_humor"
76,1q7ujdc,"Play-In Mafia
PLAY-IN MAFIA MIAMI HEAT AND ATLANTA HAWKS AND CHICAGO BULLS. …………………………………………………………………………………………………………………………………………………………………………………………………………………………………………………","Atlanta Hawks, Chicago Bulls, Miami Heat","type_humor, sentiment_neutral"
77,1q8dquv,"Number 3 for Trae Young
So the Wizards ain't planning to retire number 3 for Bradley Beal someday?","Atlanta Hawks, Washington Wizards","type_humor, sentiment_neutral"
79,1q8mo4c,When’s the last time you’ve been sick?,"Boston Celtics, Brooklyn Nets, Philadelphia 76ers","type_humor, sentiment_neutral"
81,1q8palk,How does one become so injury prone ?,Atlanta Hawks,"sentiment_negative, type_humor"
85,1q8v3cy,The truly unbreakable record,Golden State Warriors,"type_humor, sentiment_neutral"
86,1q8vowt,Two Trae-less Hawks Wins!!! Ah AH AH,Atlanta Hawks,"sentiment_positive, type_humor"
87,1q8w20q,Rockets announcers said Deni Advija is a mix of LeBron and Harden 😭,Houston Rockets,"sentiment_negative, type_humor"
89,1q99x6h,Anthony Davis won't return...,New Orleans Pelicans,"sentiment_negative, type_humor"
91,1q9cdly,BREAKING: Anthony Davis just released his first signature shoe 😳,New Orleans Pelicans,"sentiment_positive, type_highlight, type_humor"
92,1q9jd8t,Anthony Davis when he sneezes too hard,New Orleans Pelicans,"type_humor, sentiment_neutral"
93,1q9kss9,MJ Fans are loosing their minds at KD right now 😂,"Brooklyn Nets, Oklahoma City Thunder","sentiment_positive, type_humor"
95,1qa1n0a,"4th down, season on the line and Caleb Williams hit the Jordan Jumpman logo in Chicago 🔥",Chicago Bulls,"sentiment_positive, type_humor"
96,1qajoca,[Highlight] Randle staring down Wemby and rubbing his hands together looking at his food,New York Knicks,"sentiment_positive, type_highlight, type_humor"
97,1qanldg,Three Hawks Wins Straight!!! Ah Ah Ah!!!,Atlanta Hawks,"sentiment_positive, type_humor"
98,1qapina,Made out of glass,"Atlanta Hawks, Golden State Warriors","type_humor, sentiment_neutral"
99,1qasdw3,GOAT FATHER/SON DUO OF ALL TIME!,Chicago Bulls,"sentiment_positive, type_humor"
103,1qbtnpd,Who will stop the giant meteor??,Golden State Warriors,"type_humor, sentiment_neutral"
104,1qbxcnk,The Cavs were total paper tigers last year.,Cleveland Cavaliers,"sentiment_negative, type_humor"
105,1qbz103,"Shams: ""Dallas Mavericks' Anthony Davis is likely to undergo surgery to repair ligament damage in his left hand and miss several months, sources tell ESPN. His Dallas season is essentially over, given the prognosis and the Mavs' direction.""
Day-to-dayvis done for the season. Nico Harrison better not get a job as a janitor with an NBA team bruh.",Dallas Mavericks,"sentiment_negative, type_humor"
106,1qc0gkw,"We got Shams Charania vs. Anthony Davis, ladies and gentlemen
AD fights back on Shams' report about his season-ending injury and plan to trade him. Shams gotta fight back asap.",Los Angeles Lakers,"sentiment_negative, type_highlight, type_humor"
107,1qc2kqt,"Do y’all think Luka will be a Laker if Dennis got that contract?
If Dennis got that 4 years 84 million contract in 2021 do y’all think Luka would be a Laker since the end of the contract is last year 2024-2025 season.",Los Angeles Lakers,"type_humor, sentiment_neutral"
109,1qcj6oy,Should we start calling AD= Elijah Price?,New Orleans Pelicans,"type_humor, sentiment_neutral"
111,1qcwx9n,“Defense wins championships”,Boston Celtics,"type_humor, sentiment_neutral"
112,1qd7drd,"It wasn’t travelling, it was a journey",Atlanta Hawks,"type_humor, sentiment_neutral"
115,1qdv7v8,Westbrook dagger off the glass,Oklahoma City Thunder,"sentiment_positive, type_humor"
116,1qdyjm8,Victor Wembanyama Goes Bald After OKC Loss,Oklahoma City Thunder,"sentiment_negative, type_humor"
117,1qe3h1t,"Thunderstruck 2.0?
Kevin, you can’t do that.",Oklahoma City Thunder,"sentiment_negative, type_humor"
122,1qee295,"Miles Turner when his point guard isn't Haliburton
MILES TURNER WOKE UP AND FELT DANGEROUS TONIGHT🔥🔥  
5 points🔥🔥  
2-7FG(1-5 3pt)🎯🎯  
3 rebounds💪💪  
\-23 +/-🐐",Indiana Pacers,"sentiment_positive, type_humor"
123,1qegxl6,Curious Case of LeBronbenjamin Button,Los Angeles Lakers,"type_humor, sentiment_neutral"
126,1qenern,Durant+Shai 😳,Oklahoma City Thunder,"type_humor, sentiment_neutral"
127,1qer0bz,"Kawhi continuing to give exactly zero fucks
He made the shot, if you're wondering",Toronto Raptors,"type_humor, sentiment_neutral"
128,1qer8nt,Did yall ever think that Spencer Jones looks like Yakub?,Atlanta Hawks,"type_humor, sentiment_neutral"
129,1qewyfz,"Naz Reid cooking KD.
Naz Reid cooking KD in 4k",Oklahoma City Thunder,"sentiment_negative, type_humor"
130,1qf4dyo,Deandre Hunter is Flop Embiid father,"Atlanta Hawks, Philadelphia 76ers","sentiment_negative, type_humor"
136,1qfspp8,KD disgusted after Gobert’s air ball ft’s,"Oklahoma City Thunder, Utah Jazz","sentiment_negative, type_humor"
137,1qfxfpl,AD prepping,"Los Angeles Lakers, New Orleans Pelicans","type_humor, sentiment_neutral"
138,1qfxttb,Clippers in a nutshell,LA Clippers,"type_humor, sentiment_neutral"
139,1qfycir,Sexton tries to guard Steph to the tunnel,"Cleveland Cavaliers, Golden State Warriors","sentiment_negative, type_humor"
140,1qfyu61,Jamal Fucking Murray,Denver Nuggets,"sentiment_negative, type_humor"
141,1qg0bz9,Maybe give Caleb Love a contract? 🔥 🔥 🔥,Cleveland Cavaliers,"sentiment_positive, type_humor"
143,1qgmbkj,"Today I remembered the greatest internet page, that exposes Jordon's menace and overrated nature",Chicago Bulls,"sentiment_negative, type_humor"
144,1qgvztq,Nikola Jokic is finally trying his self after 12 years 😂,Denver Nuggets,"type_humor, sentiment_neutral"
146,1qh84ne,Watching Ant V Wemby,Atlanta Hawks,"type_humor, sentiment_neutral"
148,1qh99gg,"I think I just found the only way to make Luka Doncic actually run back.
When he doesn't get the foul call, he just chases the ref to complain. If the ref sprints, Luka sprints with him. It’s basically physics.",Dallas Mavericks,"type_humor, sentiment_neutral"
149,1qhl18s,Ty Lue drawing plays:,Cleveland Cavaliers,"type_humor, sentiment_neutral"
156,1qi64ot,"Someone said it’s Him, Ryan Nembhard, and Strawther combined",Miami Heat,"type_humor, sentiment_neutral"
157,1qi7g1t,"The Jazz announce next year they are for sure, totally gonna try to win games. For real this time.",Utah Jazz,"sentiment_negative, type_humor"
158,1qi8u8b,Knicks have lost 9 of their last 11 games.,New York Knicks,"sentiment_negative, type_humor"
159,1qi9s7o,Devin Booker when he plays at MSG,"New York Knicks, Phoenix Suns","sentiment_positive, type_humor"
160,1qinxd8,Jamal Murray everytime he plays the gotdamn Lakers 🔥😂,Los Angeles Lakers,"sentiment_positive, type_humor"
161,1qiphik,Jamal Murray in the 2nd half against the Lakers 😭,"Denver Nuggets, Los Angeles Lakers","sentiment_negative, type_humor"
162,1qiro58,LeBron the GOAT 💯,Los Angeles Lakers,"sentiment_positive, type_highlight"
167,1qjz4le,"Pure hypothetical hate if you want :)
Jaylen Brown and Luka on the same team would be an immediate 3 peat dynasty.

Offensively they would flow like butter and Jaylens defense is exactly what Luka needs next to him. Perfect duo. (They'd have better chemistry than Tatum/Brown too)

""Yo Rob send Reaves for Brown just heard the C's might fire their GM and hire Nico""","Boston Celtics, Cleveland Cavaliers","sentiment_positive, type_humor"
168,1qkfzp9,“Mike Dunleavy Jr. selling 29 other teams on Kuminga”,Golden State Warriors,"sentiment_negative, type_humor"
169,1qkivni,"Luka out here ""Shaqtin' a Fool"". Turns down wide open 3 ball late in 4th quarter 😭",Dallas Mavericks,"sentiment_negative, type_humor"
171,1qkux81,Luka is actually an underrated defender,Dallas Mavericks,"sentiment_positive, type_highlight"
174,1qlczy6,WHO WAS GOING TO BEAT GOLDEN STATE'S RECORD??,Golden State Warriors,"sentiment_negative, type_humor"
175,1qlfbxp,Giannis and the Bucks,Milwaukee Bucks,"sentiment_positive, type_humor"
176,1qlfmw8,"Despite the loss, Lu Dort shows us what he’s made of, and exactly why he’s earned his place on a championship roster
2 points

3 rebounds 

1 assist

1 turnover 

2 personal fouls

1/9 shooting

\-17 bpm

All managed in a gruelling 35 minute performance.",Charlotte Hornets,"sentiment_positive, type_highlight, sentiment_neutral"
177,1qlgrba,Clippers bros???,LA Clippers,"type_humor, sentiment_neutral"
178,1qli3uv,"When is the parade?
No one in r/Dodgers got my reference 😭

&gt;!Ok, I know Jokic said ""When is parade"" instead of ""When is *the* parade"", but it's close enough lol.!&lt;

[Original post](https://www.reddit.com/r/Dodgers/comments/1om99dc/when_is_the_parade/)",Denver Nuggets,"type_humor, sentiment_neutral"
181,1qlxixu,Did Genghis only play against milkmen and plumbers?,Atlanta Hawks,"sentiment_negative, type_humor"
182,1qm3ja8,CMON MIKAL 😩,Philadelphia 76ers,"sentiment_negative, type_humor"
183,1qm5arg,"Meme request, looking for the lakers “daddy im open” meme w bronny 🙏🏽",Los Angeles Lakers,"sentiment_positive, type_humor"
184,1qmauw1,Are these guy from Switzerland😂,"Brooklyn Nets, Charlotte Hornets","type_humor, sentiment_neutral"
187,1qmmm20,Guarding prime Harden be like,Houston Rockets,"type_humor, sentiment_neutral"
188,1qmudvt,Fan wearing KD jersey hears it from him,"Golden State Warriors, Oklahoma City Thunder","sentiment_negative, type_humor"
191,1qn7fh7,actually Luka is really one of the best trash talkers in the game😆😆😆,Dallas Mavericks,"sentiment_positive, type_humor"
194,1qnj7s1,Lakers pre game celebration with Luka,Los Angeles Lakers,"sentiment_positive, type_humor"
195,1qnloaq,Throwback to when Fred Vanvleet crossed up a kid at his camp and posted it on his IG,Toronto Raptors,"sentiment_positive, type_humor"
196,1qnqyf4,"I got the perfect team in a random nba lineup generator🤣 This is only the best I’ve gotten so far.
I feel like it is the best so far With ANT and Joker but I feel like Hunter Tyson would be Ideal (Just Kidding!)","Chicago Bulls, New Orleans Pelicans, San Antonio Spurs, Toronto Raptors","sentiment_positive, type_humor"
197,1qnssak,Three Straight Hawks Wins!!! On The Road To Boston!!!,"Atlanta Hawks, Boston Celtics","sentiment_positive, type_highlight"
198,1qo5zqm,Luka Doncic last 4 games: 37.3 - 9.8 - 10.3 - 68 TS%,Dallas Mavericks,"sentiment_positive, type_highlight, type_humor"
199,1qocpx2,"When young Steph and Seth Curry watched their dad, Dell Curry, compete in the 1994 NBA Three-Point Contest",Golden State Warriors,"sentiment_positive, type_humor"
200,1qody38,"This isn’t even a meme, there’s a love hotel in Shinjuku called Bron Mode. Bring on the jokes plz.",Brooklyn Nets,"type_humor, sentiment_neutral"
201,1qoql0r,Tyrese Haliburton Reveals Hilarious Story About Getting No Playing Time at Olympics,Indiana Pacers,"sentiment_positive, type_humor"
204,1qp3ewc,Clippers W.,LA Clippers,sentiment_neutral
205,1qpoh2p,Me just eating popcorn as Doc Rivers calls Joel Embiid the most talents player he's coached days before the divorce with Giannis is finalized. I wonder where he'll get traded too. Personally I'm thinking Miami.,"Miami Heat, Milwaukee Bucks, Philadelphia 76ers","sentiment_negative, type_humor"
206,1qpwyhg,Bronny gets the steal &amp; the dunk to cut the lead down to 30,"Cleveland Cavaliers, Los Angeles Lakers","sentiment_positive, type_humor"
207,1qpxvo5,Hawks Win 4 Straight!!!! For Fearless Wins!!!! AH AH AH AH!!!!,Atlanta Hawks,"sentiment_positive, type_highlight, type_humor"
208,1qpztky,[Charania]: It’s official. Per league insider sources Giannis is signing with the LA Dodgers.,Milwaukee Bucks,"sentiment_negative, type_humor"
209,1qq0a31,Rockets players trying to defend wemby,Houston Rockets,"sentiment_negative, type_humor"
211,1qqawit,All star Jamal Murray,Denver Nuggets,"sentiment_positive, type_humor"
212,1qqdn4m,"Breaking News on The Freaky Greeky
Bucks trade former MVP and certified Freak to the Dodgers for prime Magic Johnson, also certified as a Freak.",Milwaukee Bucks,"sentiment_negative, type_humor"
214,1qqkdv3,Giannis for Kuminga salary matching is actually quite simple,"Golden State Warriors, Milwaukee Bucks","type_humor, sentiment_neutral"
217,1qrle25,"""They’re so much more physical and quick than I could have ever imagined. You know that every NBA groupie is elite, but no matter how much you prepare, it’s challenging to be totally ready when you’re actually face to face with them outside the arena.""","Brooklyn Nets, Cleveland Cavaliers, Golden State Warriors","sentiment_positive, type_humor"
218,1qrllij,Everyone complaining about the court being slightly raised in Cleveland. Meanwhile at the University of Minnesota:,"Cleveland Cavaliers, Minnesota Timberwolves","type_humor, sentiment_neutral"
219,1qrmqwq,The Greek FREAK,Milwaukee Bucks,"sentiment_positive, type_humor"
222,1qs3umb,"A recently retired Michael Jordan stops by the Bulls practice and Corey Benjamin says to him ""I'm sorry you retired, cause I wanted to take you 1 on 1"". Jordan (of course) took that personally and immediately challenged Benjamin to 1v1 (1999)",Chicago Bulls,"sentiment_negative, type_humor"
224,1qszb8m,One Year Ago Today: Luka Doncic - Anthony Davis trade randomly happens,"Dallas Mavericks, New Orleans Pelicans","type_humor, sentiment_neutral"
225,1qt6hvp,How will he be on the cavs,Cleveland Cavaliers,"type_humor, sentiment_neutral"
226,1qtaxzk,One Year Ago Today: Steph &amp; Draymond’s Live Reaction to Luka-to-Lakers Trade News,"Golden State Warriors, Los Angeles Lakers","type_humor, sentiment_neutral"
227,1qtb0fa,"11 Teams, 8 Trades","Atlanta Hawks, Boston Celtics, Brooklyn Nets, Charlotte Hornets, Chicago Bulls, Cleveland Cavaliers, Dallas Mavericks, Denver Nuggets, Detroit Pistons, Golden State Warriors, Houston Rockets, Indiana Pacers, LA Clippers, Los Angeles Lakers, Memphis Grizzlies","type_humor, sentiment_neutral"
230,1qtg77c,"Reggie Miller: ""I'm the 3rd Best Shooter in Indiana Now""",Indiana Pacers,"sentiment_positive, type_humor"
231,1qth5xe,"This is a real thing in Denver. I did not photoshop this.
Makes sense, Jokic and high energy are pretty much synonymous. I’ll be sure to drink several of these the next time I have a job interview.",Denver Nuggets,"sentiment_positive, type_humor"
235,1qu3fhr,Lebron passed on his quirk to his son.,Los Angeles Lakers,"type_humor, sentiment_neutral"
236,1quap5r,"All of LeBron James’ Turnovers So Far
lEbRoN aLwAyS mAkEs ThE rIgHt PlAy. He Is OnE oF tHe BeSt PlAyErS iN tHe LeAgUe. He NeEdS mOrE hElP.",Cleveland Cavaliers,"sentiment_positive, type_highlight"
237,1qucrzh,"Don’t look now but the Charlotte Hornets have won 7 straight for the first time in nearly 10 years
You’re almost there boys, one more win and we can find somebody else to make fun of (maybe). One upvote is one prayer.",Charlotte Hornets,"sentiment_positive, type_humor"
238,1qucu0i,"One year ago today, where exactly were you when you first heard the news?
I was mostly napping the whole day, and then I decided to sit on the couch and turn on the TV and put on SportsCenter and the trade was revealed to me then. I remember mouthing ""Wow"". Insane trade.","Atlanta Hawks, Golden State Warriors","sentiment_positive, type_humor"
239,1qugfwd,Bol Bol doxxing his clothing plug on his fashion Insta,Denver Nuggets,"sentiment_negative, type_humor"
243,1quzoqq,We need Dan Gilbert to play to get the Mortgage Mania Game,Cleveland Cavaliers,"sentiment_negative, type_humor"
244,1qv0hnb,“We fine in the west”,"Atlanta Hawks, Boston Celtics, Brooklyn Nets, Charlotte Hornets, Chicago Bulls, Cleveland Cavaliers, Dallas Mavericks, Denver Nuggets, Detroit Pistons, Golden State Warriors, Houston Rockets, Indiana Pacers, LA Clippers, Los Angeles Lakers, Memphis Grizzlies","sentiment_negative, type_humor"
246,1qv0zok,The Onion with another W,Atlanta Hawks,"type_humor, sentiment_neutral"
247,1qv30qo,The Parade is over...,Boston Celtics,"sentiment_negative, type_humor"
248,1qv5dzp,"Warriors, Wolves, and Heat","Golden State Warriors, Miami Heat, Minnesota Timberwolves",sentiment_neutral
249,1qv7h4l,"Ima just call it now, Giannis is going to Miami.","Miami Heat, Milwaukee Bucks","type_humor, sentiment_neutral"
252,1qvb7ad,A Harden-Mitchell backcourt,"Houston Rockets, Utah Jazz","type_humor, sentiment_neutral"
254,1qvb9gs,The tale of Uncarus tells all never Unc too close to the sun,Phoenix Suns,"type_humor, sentiment_neutral"
255,1qve12u,Draymond the first day he is in his new teams locker room,"Detroit Pistons, Golden State Warriors","sentiment_negative, type_humor"
256,1qve8sv,Drew anime Shai what would be his named attacks?,Oklahoma City Thunder,"type_humor, sentiment_neutral"
259,1qvfszp,One Chilling Hawks Win In Miami!!!,"Atlanta Hawks, Miami Heat","sentiment_positive, type_highlight, type_humor"
260,1qvfw1q,"Rest assured, this will be the fourth time I have destroyed a team, and I have become exceedingly efficient at it.",Golden State Warriors,"sentiment_positive, type_humor"
261,1qvhf6g,"BREAKING: The Los Angeles Clippers are trading James Harden to the Cleveland Cavaliers for Darius Garland and a second-round pick.
woops wrong James it seems.

!!!!!!!!!!!!!!!!!!!!!!!!!!!!!!!!!!!!!!!!!!!!!!!!!!!!!!!!!!!!!!!!!!!!!!!!!!!!!!!!!!!!!!!!!!!!!!!!!!!!!!!!!!!!!!!!!!!!!!!!!!!!!!!!!!!!!!!!!!!!!!!!!!!!!!!!!!!!!!!!!!!!!!!!!!!!!!!!!!!!!!!!!!!!!!!!!!!!!!!!!!!!!!!!!!!!!!!!!!!!!!!!!!!!!!!!!!!!!!!!!!!!!!!!!!!!!!!!!!!!!!!!!!!!!!!!!!!!!!!!!!!!!!!!!!!!!!!!!!!!!!!!!!!!!!!!!!!!!!!!!!!!!!!!!!!!!","Cleveland Cavaliers, LA Clippers","sentiment_negative, type_humor"
262,1qvl1xo,"Just a wildly funny career for James Harden — always getting what he wants, and it never working out","Houston Rockets, Oklahoma City Thunder","sentiment_negative, type_humor"
265,1qvqx8p,President Obama nothing but net!,Brooklyn Nets,"sentiment_positive, type_humor"
266,1qvtw89,"Bronny James Jr.
Bronny is by far the best 55th pick we've ever seen in the league. I genuinely believe he could turn into a solid bench or sixth man. He has shown glimpses of promise and I think if he improved as much as he did this year he will be a solid player. People are forgetting about PRE-CARDIAC ARREST Bronny. When he was at Sierra Canyon he was going crazy until his unfortunate medical issue. But he survived which is a 10% chance which means Bronny is 1/10 phenomenon. People also forget during the summer league Bronny was low key doing pretty good. He was one of the best people on the Summer League team aside from Dalton Knecht. He even locked up Cooper Flagg who recently just dropped 49 points and is looking to be the rookie of the year. If Bronny held him to 8 while the Hornets (On the longest win streak currently and have beat the Thunder 27) barely stopped him from getting 50. Just saying, Bronny might be the GOAT. No one else has the whole arena begging him to get put in from the start of the game to the end. Also did you know, Bronny has more points this season than Michael Jordan, Kobe, Jayson Tatum, Tyrese Haliburton, and Kyrie Irving combined. That is GOAT material.",Charlotte Hornets,"sentiment_positive, type_highlight"
268,1qvvmsx,"Kuminga watching everybody else make trades right now..
Classic warriors not moving quickly with an asset they know is distressed.. I have a feeling Kuminga isn’t going to net them very much at this point.",Golden State Warriors,"sentiment_negative, type_humor"
271,1qvy0a4,"POV: Jared McCain, Thomas Sorber, and Jaylin Williams right now",Charlotte Hornets,"sentiment_negative, type_humor"
273,1qvzjfv,"Hornets realizing Ousmane Dieng might be on their roster:
Traded his ass before he was even on roster. Is negative ten minutes the shortest stint with a team in NBA history?",Charlotte Hornets,"sentiment_negative, type_humor"
274,1qvzlez,"Glup Shitto’s 81 point game revisited: Was it as legendary as people remember?
title",Philadelphia 76ers,"type_highlight, sentiment_neutral"
275,1qw1g9o,PSA from the Dallas Mavericks to any potential free agents: “we hate you!”,Dallas Mavericks,"sentiment_negative, type_humor"
277,1qw2dph,First Look at Anthony Davis as a Wizard.,Washington Wizards,"type_humor, sentiment_neutral"
278,1qw2u01,With his move to Washington AD has finally completed the Shaq rainbow,"Los Angeles Lakers, New Orleans Pelicans","sentiment_positive, type_humor"
279,1qw4pg7,The Mavs front office after trading away the player they traded their franchise for last year,Dallas Mavericks,"sentiment_negative, type_humor"
280,1qw64zf,POV: Rob Pelinka trying to make moves before the trade deadline approaches,Los Angeles Lakers,"type_humor, sentiment_neutral"
281,1qw6p6o,"Karl Towns Shoots Free Throws
Looking like a victim out there and thought I his pic was funny 

Him and Spencer jones butted heads on  the play before this……","Minnesota Timberwolves, New Orleans Pelicans","sentiment_negative, type_humor"
283,1qwcqbb,PeriodP,Portland Trail Blazers,"type_humor, sentiment_neutral"
285,1qwdbdl,"Tingas Pingas to the Warriors!
This clip always gets me 😂. Hope he has a good career with GS but I really doubt it. Team been cookdd.",Golden State Warriors,"sentiment_negative, type_humor"
286,1qwf1xe,Welcome to D.C.,Washington Wizards,"type_humor, sentiment_neutral"
287,1qwhdr7,The curse of the snitch?,"Boston Celtics, Los Angeles Lakers","sentiment_negative, type_humor, sentiment_neutral"
291,1qx0ehj,“Not trade related” they said..,"Atlanta Hawks, Boston Celtics","sentiment_negative, type_humor"
293,1qx6jhq,Simply the best,Golden State Warriors,"sentiment_positive, type_humor"
297,1qxsajj,Dillon Brooks reveals his next move against LeBron James,"Los Angeles Lakers, Memphis Grizzlies","type_humor, sentiment_neutral"
303,1qy98y6,"At this point, All MVP Candidates might not meet 65 games requriement
Note: If they missed 18 games, they are out. 

Even SGA is injured right now. Though, he will probably missed 7 games before asb. But he will be reevaluated after.

The players above though are very probable to miss the game req. Yes, even Luka. He suffered a new injury right now.","Dallas Mavericks, Golden State Warriors","sentiment_negative, type_humor"
306,1qygkej,"No wonder the refs favor them 🥀🥀
OKC plays fast, shoots pretty, and celebrates like a boy band—pure zest, zero shame all season long!!!",Oklahoma City Thunder,"sentiment_negative, type_humor"
309,1qyiqyw,JR Smith’s mishap in Game 1 of 2018 NBA finals mentioned in Epstein files,"Cleveland Cavaliers, Golden State Warriors","sentiment_negative, type_humor"
311,1qykho1,The only airball my goat ever shot 🧑🏽‍🦯🧑🏽‍🦯🧑🏽‍🦯,Atlanta Hawks,"type_humor, sentiment_neutral"
312,1qyqfpc,Dallas made this statue to honor Anthony Davis,"Dallas Mavericks, New Orleans Pelicans","sentiment_negative, type_humor"
314,1qyrrot,I think the pistons broke bro 😭,Detroit Pistons,"sentiment_negative, type_humor"
316,1qyxpcl,Spurs are back,San Antonio Spurs,"sentiment_positive, type_humor"
317,1qz0jgk,"With his trade to Washington, AD has finally completed the Shaq rainbow 😳","Los Angeles Lakers, Washington Wizards","sentiment_positive, type_humor"
318,1qz173a,"Bro is feining
Harden fits the Cavs perfectly—this is just the start. Bounce-back Cavs turning it around Right now",Cleveland Cavaliers,"sentiment_positive, type_humor"
319,1qz1he7,Mamba Mentality,Los Angeles Lakers,"sentiment_positive, type_highlight"
320,1qz8mrt,10 Year Old Kobe Bryant in Italy,Los Angeles Lakers,"sentiment_positive, type_humor"
321,1qz8xu0,Loading that shit up like a punch 😅,"Boston Celtics, Chicago Bulls","type_humor, sentiment_neutral"
322,1qz98u8,"Kings with the most ethical tank in the league. No benching star players, no tanking gimmicks, just pure ass hoops.",Sacramento Kings,"sentiment_positive, type_humor"
323,1qzc0z1,Okc gonna start looking like high school musical here soon,Oklahoma City Thunder,"type_humor, sentiment_neutral"
324,1qzk05v,Josh Hart + Jose Alvarado: JoJo's Bizarre Adventures.,Philadelphia 76ers,"type_humor, sentiment_neutral"
325,1qznajw,Curry moon shot but Ben Simmons,"Golden State Warriors, Philadelphia 76ers","type_humor, sentiment_neutral"
331,1r0oa4p,When Isaiah Stewart sees a scuffle starting,Cleveland Cavaliers,"sentiment_positive, type_humor"
332,1r0ozdw,Where the pistons and hornets are headed,"Charlotte Hornets, Detroit Pistons","type_humor, sentiment_neutral"
334,1r11nle,Am I crazy for thinking of Richard Jefferson 💀,"Atlanta Hawks, New York Knicks","sentiment_negative, type_humor"
335,1r12225,"Jimmy on IG: “hey bighead”, Buddy Hield: “Why you trade me😭”",New Orleans Pelicans,"sentiment_negative, type_humor"
336,1r13w95,KD and the never ending (but not ashy anymore) legs,"Golden State Warriors, Oklahoma City Thunder",sentiment_positive
337,1r14519,When you try to investigate the Jazz for tanking,Utah Jazz,"sentiment_negative, type_humor"
338,1r19ei1,He got that Aardvark in him,Atlanta Hawks,"sentiment_positive, type_humor"
339,1r1bgq2,"🗣️ How you feel about Walker Kessler as a hooper❓
I feel like bro is slept on &amp; don’t get mentioned as much, bro is a double double machine imo. I mean I know he plays for Utah but damn lol",Utah Jazz,"sentiment_positive, type_humor"
340,1r1hayd,Whole western conference ducking the spurs,San Antonio Spurs,"sentiment_negative, type_humor"
342,1r1m30c,"Bro predicted 6 years ago 💀💀
I was scrolling through \*cough cough\* for nba 2k play throughs obviously, when I found this random comment prediction the AD trade 6 years ago. Nah this man is a visionary who's seen the future , somebody find him 💀💀","Los Angeles Lakers, New Orleans Pelicans","sentiment_positive, sentiment_negative, type_humor"
344,1r22q6r,Throwback when Kyrie had to do side missions just to play Basketball 😭,Cleveland Cavaliers,"sentiment_negative, type_humor"
347,1r26av7,"didn't know @wendys serves G.O.A.T ??
Employee: What would you like?

The TV Menu: LeBron Raymone James Sr.  

The man who saved Wendy's legacy.","Cleveland Cavaliers, Los Angeles Lakers","sentiment_positive, type_humor"
350,1r2r55j,Russel,Oklahoma City Thunder,sentiment_positive
351,1r2ritp,giannis when he realises he can bet on staying with the bucks in kalshi,Milwaukee Bucks,"type_humor, sentiment_neutral"
357,1r3goni,"Imagine my surprise seeing this
I did not know about the Trade, and I thought Yeah this is a clear indication how NBA is outright supporting the Thunder.",Oklahoma City Thunder,"sentiment_negative, type_humor"
359,1r3qrnj,"LeBron has Draftkings. Giannis has Kalshi. James Harden has.. some mid-tier sweepstakes casino
These guys will get their money any way that they can. z Shout out to his agent for even finding the opportunity. I doubt he's making any significant difference for the site.","Los Angeles Lakers, Milwaukee Bucks","sentiment_negative, type_humor"
360,1r3rgvi,Reminder that Pic Related is why we can no longer have competitive All Star games and why they had to change the format in the first place.,Atlanta Hawks,"sentiment_negative, type_humor"
363,1r3w8sg,Some insane graphics by the blazers,Portland Trail Blazers,"sentiment_positive, sentiment_negative, type_humor"
368,1r49j8f,"Heat, Bulls and Hawks fans watching the Hornets try to ruin their annual play-in invitational","Atlanta Hawks, Charlotte Hornets, Chicago Bulls, Miami Heat",sentiment_negative
369,1r49r4a,yo trust me bro I promise this is the REAL tanking solution,"Atlanta Hawks, Boston Celtics","sentiment_negative, type_humor"
373,1r4prbu,What could possibly be this funny? Never seen Draymond laugh like this 🤣,Golden State Warriors,"sentiment_positive, type_humor"
375,1r4v14e,Very likely to happen that an American NBA MVP wont be seen in the 2020s decade.,"Golden State Warriors, Los Angeles Lakers","type_humor, sentiment_neutral"
376,1r4v4kg,"If ""is not over until I win"" was a person 😳",Atlanta Hawks,"sentiment_negative, type_humor"
377,1r4ym75,Haters got KD fighting for his life,"Golden State Warriors, Oklahoma City Thunder","sentiment_negative, type_humor"
379,1r54e0w,MNBA players when they're asked to not sit out of the imaginary ball game they get paid $50 million a year to play,Minnesota Timberwolves,"sentiment_negative, type_humor"
380,1r567ql,"Congrats to the GOAT PG of all time (not counting Isiah Thomas, Nash, Luka, SGA, Magic, Oscar Robertson, Kyrie or Steph)","Boston Celtics, Brooklyn Nets, Chicago Bulls","sentiment_positive, type_humor"
383,1r5m7ev,"Lakers and Ny Knicks in the future: Cooper Flagg, Luka Doncic, Aj Dybantsa, Giannis, Wemby, Other team Brunson, Mitchell, Bronny James, Sengun, Jokic","Los Angeles Lakers, New York Knicks","type_humor, sentiment_neutral"
385,1r5s12c,"Luka hates Dallas organization
After that Lakers-Mavs trade last year, Luka really hates the organization but Dallas fans will always have a special place in Luka’s heart. He hates Nico and Jason Kidd, btw.","Dallas Mavericks, Los Angeles Lakers","sentiment_negative, type_humor"
386,1r5s49c,KD the funniest athlete lmaoooo,Oklahoma City Thunder,"sentiment_positive, type_humor"
388,1r5tpfj,"KD seeing himself getting exposed
He def friends with deni the way he hawking IDF drones","Brooklyn Nets, Oklahoma City Thunder","sentiment_negative, type_humor"
389,1r5u7ht,Live look at Kawhi after scoring 11 straight points for Team Stripes,Toronto Raptors,"sentiment_positive, type_humor"
391,1r5vkzk,Jaylen brown with the step back three,Boston Celtics,"sentiment_positive, type_humor"
392,1r5w8ai,"The KD Files now have a helpful database.
Very helpful, will poke around later see if any interesting names pop up. Tried searching harden and a lot came up.","Golden State Warriors, Oklahoma City Thunder","sentiment_positive, type_humor"
393,1r5xunp,Ant brutally leaves Chet hanging,"Cleveland Cavaliers, Dallas Mavericks","sentiment_negative, type_humor"
395,1r5zo20,"KD FILES
Legendary. NBA twitter is going insane. This day gonna go down in history as one of the funniest things to happen to the league 😭😭","Brooklyn Nets, Oklahoma City Thunder","sentiment_positive, type_humor"
396,1r60a12,Tari Eason in the locker room after KD files drop:,Oklahoma City Thunder,"sentiment_negative, type_humor"
399,1r65wu2,"Cade Cunningham asked where he gets his aura: 
“I get my aura from Jesus Christ and my lord and savior, and God blessed me with parents who raised me in a way I wouldn’t trade for the world.”",Detroit Pistons,"sentiment_positive, type_humor"
403,1r6cdz1,"KD,”Life’s a fucking funny thing”","Golden State Warriors, Oklahoma City Thunder","type_humor, sentiment_neutral"
405,1r6f0bf,Rajon Rainbow,"Boston Celtics, Los Angeles Lakers","sentiment_positive, type_humor"
410,1r6s351,AirPodz,Golden State Warriors,"type_humor, sentiment_neutral"
411,1r6sfr0,Kevin Durant was shook at the All Star Game,Oklahoma City Thunder,"type_humor, sentiment_neutral"
413,1r76gs1,Peak Harden hate era had to been the funniest era in the NBA,"Cleveland Cavaliers, Houston Rockets","sentiment_positive, type_humor"
417,1r7jv1w,CCTV footage from the Houston Rockets Training Center,Houston Rockets,"type_humor, sentiment_neutral"
420,1r7pll4,Where does Triple Double Cocaine Bear rank all time?,Los Angeles Lakers,"type_humor, sentiment_neutral"
422,1r7vw3o,Tf you mean KD got his own files now,"Brooklyn Nets, Oklahoma City Thunder","type_humor, sentiment_neutral"
423,1r854r1,You just know Ben Simmons bricked that shit😅,Philadelphia 76ers,"sentiment_negative, type_humor"
425,1r879ff,"""Kyrie has no handles""",Cleveland Cavaliers,"sentiment_negative, type_humor"
426,1r87ocd,How the Spurs feel being the best team in Texas by simply not shooting themselves in the foot,San Antonio Spurs,"sentiment_positive, type_humor"
427,1r891kt,"What does MJ &amp; world’s largest company founder Jensen have in common?
UNBELIEVABLE! If I had a Time Machine… I know exactly which date to travel back to. They aren’t born on same continent though",Chicago Bulls,"sentiment_positive, type_humor"
428,1r8dlsq,KD isn't here for Twitter nonsense. He's innocent.,"Brooklyn Nets, Golden State Warriors, Oklahoma City Thunder","sentiment_positive, type_humor"
429,1r8fjnk,How did everyone come to view KD after the files,"Brooklyn Nets, Oklahoma City Thunder","sentiment_negative, type_humor"
430,1r8hz73,"When your name isn’t in the KD files
Seriously though, anyone else surprised by KD’s beef with Kerr and Curry, while dray got left out? I seem to recall the narrative surrounding KD’s departure was drama centered around dray, yet only Kerr and the “light-skin” (curry) were mentioned??","Brooklyn Nets, Golden State Warriors","sentiment_negative, type_humor"
432,1r8m2zi,"""Dad how good was pre injury 2025-26 jokic""
I mean he's still great post injury but before his injury he was a different type of basketball player.",Denver Nuggets,"sentiment_positive, type_humor"
433,1r8nmcs,“Draymond Green is guarding you” if ykyk,Golden State Warriors,"type_humor, sentiment_neutral"
435,1r9jzqy,Why didn't the Knicks beat the Pistons? Are they stupid?,"Detroit Pistons, New York Knicks","sentiment_negative, type_humor"
438,1r9sh3y,"In the wake of the KD files, I found Shai, Luka and Deni's joint Reddit burner account","Dallas Mavericks, Oklahoma City Thunder","sentiment_negative, type_humor"
439,1r9wnj8,When the Knicks lose their 3 games against the Pistons by 84 combined points:,"Detroit Pistons, New York Knicks","sentiment_negative, type_humor"
440,1r9xz6l,"""How bad are the Kings?"" 
 This bad...",Sacramento Kings,"sentiment_negative, type_humor"
447,1rabau3,"I ask my girlfriend to name the most famous nba player ever
she said tristan thomson just come on!!!!!!!!!!!!!!!!!!!!!!!!!!!!!!!!!!!!!!!!!!!!!!!!!!!!!!!!!!!!!!!!!!!!","Cleveland Cavaliers, Toronto Raptors","sentiment_negative, type_humor"
450,1rb92mv,"This pic sums up Kuminga pretty well
Bro is so lazy that his whole signature is just ""JK"" vs an NBA legend Dikembe taking his time and effort to make sure any product that has his name on it has a quality",Golden State Warriors,"sentiment_negative, type_humor"
451,1rbago4,go new york go new york go,New York Knicks,"sentiment_positive, type_humor"
453,1rbgwwu,I thought this was just a random Lakers fan casual but it's actually the House of Highlights social media manager. NBA discourse is cooked,Los Angeles Lakers,"sentiment_negative, type_highlight, type_humor"
454,1rbkxlt,Everytime I hear Mr. Dickerson I think of this happening,"Atlanta Hawks, Boston Celtics","sentiment_negative, type_humor"
456,1rbpgvp,"Ime is a secret genius
Ime constantly subbing out guys who are playing great is a psychological move to make the guy question his talent so he can work even harder for Ime’s approval and be a HOF player. 

What a genius.",Atlanta Hawks,"sentiment_positive, type_humor"
463,1rc7oni,One Opulent Atl Comeback Win!!!,Atlanta Hawks,"sentiment_positive, type_humor"
464,1rclatl,Adam Silver’s dream,Brooklyn Nets,"type_humor, sentiment_neutral"
466,1rd1vpu,DeMarcus Cousins &amp; Draymond Green Define NBA Loyalty 🥰,"Golden State Warriors, Sacramento Kings","sentiment_positive, type_highlight, type_humor"
467,1rd37xn,Go Tanks!,Houston Rockets,"sentiment_positive, type_humor"
468,1rd48x4,Put Pascal Siakam on the Celtics this year instead of Jaylen Brown and they'd still roughly be where they are right now if not better,Boston Celtics,"sentiment_positive, type_humor"
469,1rd7w6p,DeMarcus is full of love man 😎❤️‍🩹🔥,Sacramento Kings,sentiment_positive
473,1re1ozl,Two Terrific Hox Wins!!!,"Atlanta Hawks, Charlotte Hornets","sentiment_positive, type_humor"
474,1re33og,"Who wins in a foot race?
Both of their games relay heavily on speed. I'm realizing I'm realizing I have no idea who's faster. Forget the GOAT convo for a second, but just straight speed??????????????????????????????????????????????????????????????????????????????????????????????????( adding characters to meet the requirement)","Golden State Warriors, Miami Heat","type_humor, sentiment_neutral"
476,1re5dt0,Luka with the game on the line,Dallas Mavericks,"sentiment_positive, type_humor"
477,1re7bw3,Who wins an all-time dunk contest?,Chicago Bulls,"type_humor, sentiment_neutral"
481,1reyv4h,"Ignore the starting lineups and final score, just know the Pistons beat the number one team in the West!","Detroit Pistons, Golden State Warriors","sentiment_positive, type_humor"
482,1rf0il0,The Lakers should bench any size 18 shoe in clutch time,Los Angeles Lakers,"sentiment_negative, type_humor"
483,1rf31ua,Wemby is being watched by one of his kinds 👽🛸,Atlanta Hawks,"type_humor, sentiment_neutral"
485,1rfi14r,Danny Ainge reaction to league investigation,Boston Celtics,"sentiment_negative, type_humor"
489,1rftw5c,Lakers and Rockets play each other back to back in March,"Houston Rockets, Los Angeles Lakers","type_highlight, sentiment_neutral"
490,1rfue61,Luka Doncic with the game on the line,Dallas Mavericks,"sentiment_positive, type_humor"
491,1rfwrjk,Next stop for JJ Redick,"Charlotte Hornets, Philadelphia 76ers","type_humor, sentiment_neutral"
492,1rfxuxa,The Wiz clearly never studied the big fundamentals of basketball,Atlanta Hawks,"sentiment_negative, type_humor"
493,1rg6dy5,"Coming out (slowmosexual)
Hey yall, this post was hard for me make as my rents don’t know this and my longtime gf wants to start a life with me haha. But I’m finally admitting and coming out as a slowmosexual. I know, I know, in today’s political landscape we are very split, but I couldn’t take it no more as I can’t escape who I really am. I’ve always had a fascination with how slow Kyle Anderson played but so efficient at the same time. My love for his play style really questioned my sexuality, but I’m proud to say that I am out now!! 😎

Anybody else coming out??",LA Clippers,"sentiment_positive, type_humor"
494,1rgcjkb,Classic Perkins,"Atlanta Hawks, Boston Celtics","type_humor, sentiment_neutral"
495,1rgk63h,LeBron realizing why Portland paid DominAyton to go away:,"Los Angeles Lakers, Phoenix Suns, Portland Trail Blazers","sentiment_negative, type_humor"
496,1rgo7dm,POV MJ took it personal,"Boston Celtics, Chicago Bulls","sentiment_negative, type_humor"
497,1rgqbwd,Detroit Stadium Malfunction,Detroit Pistons,"sentiment_negative, type_humor"
498,1rgqn3b,"""I'm not no Clint Capela""",Atlanta Hawks,"type_humor, sentiment_neutral"
500,1rgu5kk,When SGA don't get his free throws,"Phoenix Suns, Toronto Raptors","sentiment_negative, type_humor"
502,1rguqdu,"Ernie Johnson: ""It is Alex Caruso, it is my son, and, there'll be a little something extra in your allowance this week; that was a heck of a game.""",Los Angeles Lakers,"sentiment_positive, type_humor"
504,1rh3sth,"Chuck: ""I don't mind touching guys up... I believe in touching guys up.""","Atlanta Hawks, Boston Celtics, Brooklyn Nets, Charlotte Hornets, Chicago Bulls, Cleveland Cavaliers, Dallas Mavericks, Denver Nuggets, Detroit Pistons, Golden State Warriors, Houston Rockets, Indiana Pacers, LA Clippers, Los Angeles Lakers, Memphis Grizzlies, Miami Heat, Milwaukee Bucks, Minnesota Timberwolves","sentiment_negative, type_humor"
505,1rh6jcc,How I felt watching Jokic crash out last night as a Blazers fan.,"Denver Nuggets, Portland Trail Blazers","sentiment_negative, type_humor"
506,1rh95gd,"The Joker
🃏""Why so serious, Dort?🃏 I have the sneaking suspicion we’re not giving the people what they want.”🃏",Los Angeles Lakers,"type_humor, sentiment_neutral"
508,1rhcjj2,Chubby horse boy and the refs be like,LA Clippers,"sentiment_negative, type_humor"
510,1rhjmt0,Isaiah Hartenstein snatched Alex Caruso's sweaty headband off his bald head and put it on Nick Gallo,Los Angeles Lakers,"type_humor, sentiment_neutral"
513,1rhombp,"Jokic getting angry
NBA subs acting like Jokic freaking out went hard and was genuinely an aura farming moment.

“Don’t make me angry, you wouldn’t like me when I’m angry”",Denver Nuggets,"sentiment_negative, type_humor"
516,1rhxih4,Draymond mixtape,Golden State Warriors,"type_humor, sentiment_neutral"
519,1ria46h,Steph Curry is just a chill guy,Golden State Warriors,"sentiment_positive, type_humor"
521,1ributc,"Most Ethical Jump Baller
Refs allowed Wembanyama to hold Towns arm on the junp ball","Minnesota Timberwolves, San Antonio Spurs","sentiment_negative, type_humor"
522,1ric9qs,"Denver Windmill
It must be a foul because look at how wildly his arms are flailing! Give that potato-eater an Oscar!",Denver Nuggets,"sentiment_positive, type_humor"
523,1rifzfc,Four Blazing Hawks Wins In A Row!!!!,Atlanta Hawks,"sentiment_positive, type_highlight, type_humor"
525,1rivugy,The Bucks are so done,Milwaukee Bucks,"sentiment_negative, type_humor"
526,1riwu8s,Hawks again being the physical embodiment of mid-ness,Atlanta Hawks,"sentiment_negative, type_humor"
527,1rix4hq,Kings head coach Doug Christie gets LOCKED IN to take another L with some smelling salts,Sacramento Kings,"sentiment_negative, type_humor"
528,1rj21ld,Lu Dort may have the lowest IQ on the planet,Charlotte Hornets,"sentiment_negative, type_humor"
531,1rj6cxv,Jordan 🚀🚀,Chicago Bulls,"sentiment_positive, type_humor"
536,1rjnwj4,The King 👑,Los Angeles Lakers,"sentiment_positive, type_humor"
537,1rjqswa,OKC officially nominated for the NBA's most generous team award,Oklahoma City Thunder,"sentiment_negative, type_humor"
540,1rjsng9,"Sacramento ""Washed"" Kings",Sacramento Kings,"sentiment_negative, type_humor"
541,1rk0dbj,"Joe Mazzulla Reiterates Jayson Tatum Will Not Return Until He Passes The ‘Mazzulla Logic-Puzzle Meridian’
From The Onion:

  
BOSTON—Amid continued speculation about when the injured Celtics star might return to action, head coach Joe Mazzulla told reporters Tuesday that Jayson Tatum would remain sidelined until he successfully completed the “Mazzulla Logic-Puzzle Meridian,” a riddle- and reason-based gauntlet he devised to assess players’ mental readiness. “Look, I know it’s your guys’ job to ask, but my answer is the same as always: Jayson won’t be back on the floor until he scores at least an eight on the Mazzulla Logic Meridian, and he’s just not there yet,” a visibly annoyed Mazzulla told reporters, adding that while the forward had made encouraging progress on the Puzzle Corridor and successfully identified which of the seven bishop’s owls swallowed the golden mouse, he was still behind the ball at processing the Farmer’s Paradoxes at game speed. “He’s our future, okay? And we’re not going to put him out there if there’s any risk at all of him overheating mentally. So that’s why I need to be absolutely sure he can solve the Four-Level Riddle of the Mazzulla Arch-Conundrum. The worst thing we can do is set him back for next year with comprehension fatigue, right? He’s getting there. He’s putting in the work. But until he can distinguish the Staircase of Truth from the Staircase of Deception in under 40 seconds, there’s really nothing new to report.” At press time, Tatum had reportedly suffered a setback after he failed to clear the Serpent’s Cipher and accidentally moved on to the Riddler’s Crossing too soon, bumping his return timeline back another two to four weeks.",Boston Celtics,sentiment_negative
542,1rk6twi,"My college bathroom seats look like LeBron’s head
Or am I going crazy? (Specifically the toy)","Cleveland Cavaliers, Los Angeles Lakers","type_humor, sentiment_neutral"
543,1rk9u9x,Tim Duncan would be proud,San Antonio Spurs,"sentiment_positive, type_humor"
546,1rko9mb,"""Keep my horse's name out of your mouth""",Atlanta Hawks,"sentiment_negative, type_humor"
553,1rlloqi,The “natural” motion of Shai,Oklahoma City Thunder,"type_humor, sentiment_neutral"
554,1rlnoho,The Virgin Shaq remembers getting mogged by Sigma-Chad Rodman.,Chicago Bulls,"sentiment_negative, type_humor"
558,1rm474k,Luka v. Jokic be like,"Dallas Mavericks, Denver Nuggets","type_humor, sentiment_neutral"
560,1rm4wkc,Trae Young Debut,Atlanta Hawks,sentiment_positive
561,1rm9jir,He got the first pick in the NBA Draft but at what cost?,"Atlanta Hawks, Golden State Warriors","sentiment_negative, type_humor"
562,1rmf7ms,Imagine if twitter were around and this pic was on the net every time Dr J had a bad game lmao,Philadelphia 76ers,"type_humor, sentiment_neutral"
565,1rmk6i2,"The Spurs to the Pistons
design by qlurr on deviantart, I remade the drawing  
\-\_\_\_\_\_\_\_\_\_\_\_\_\_\_\_\_\_\_\_\_\_\_\_\_\_\_\_\_","Detroit Pistons, San Antonio Spurs","type_humor, sentiment_neutral"
568,1rmnrp9,Thunder fans when you show them a rulebook,Oklahoma City Thunder,"sentiment_negative, type_humor"
572,1rmyk5p,Marcus Smart missed 2 open shots to secure the win for Denver,"Boston Celtics, Denver Nuggets","sentiment_negative, type_humor"
573,1rn4ag0,I thought it was his right arm?,Boston Celtics,"type_humor, sentiment_neutral"
575,1rn7hjg,"Wembanyama after every win, Man is a Psychopath",San Antonio Spurs,"sentiment_negative, type_humor"
577,1rnfzsx,Kobe would be proud,Los Angeles Lakers,"sentiment_positive, type_humor"
578,1rnrlw1,Philadelphia and Atlanta tonight,"Atlanta Hawks, Philadelphia 76ers",sentiment_neutral
579,1rnsj25,Six Straight Hawks Wins. We own the 76ers!!!!!! Ah Ah Ah Ah Ah Ah,"Atlanta Hawks, Philadelphia 76ers","sentiment_positive, type_humor"
580,1rnsqp8,Jamal Murray when he sees the Lakers on the schedule,Los Angeles Lakers,"sentiment_negative, type_humor"
585,1rokfyf,The 2025-26 Pistons,Detroit Pistons,"type_humor, sentiment_neutral"
587,1rorbpj,The Pistons if Cade Cunningham doesn't exist,Detroit Pistons,"sentiment_negative, type_humor"
589,1rp1ej9,Jayson Tatum's surgeon,Boston Celtics,"sentiment_negative, type_humor"
590,1rp3t3c,You can't touch Shai,Oklahoma City Thunder,"sentiment_negative, type_humor"
591,1rpdzg7,Luke Kornet undefeated against strip clubs,Detroit Pistons,"type_humor, sentiment_neutral"
592,1rpgkkk,"We only allow ass beatings here, not ass smacking!",Atlanta Hawks,"sentiment_negative, type_humor"
594,1rpimbv,"KD is not gonna stay
Nearly crashed out right there lmfao. That groupchat is gonna be lit. You almost feel bad for his teammates.","Golden State Warriors, Oklahoma City Thunder","sentiment_negative, type_humor"
596,1rpk1a4,The NBA really makes no sense sometimes,"Brooklyn Nets, Houston Rockets","sentiment_negative, type_humor"
597,1rpmzel,"Deep dive on the ""Jalen's"" in the NBA","Chicago Bulls, Detroit Pistons","type_humor, sentiment_neutral"
598,1rpppbg,Just Dort activities.,Detroit Pistons,"type_humor, sentiment_neutral"
599,1rpun6d,Does Wiggins deserve to have his nickname snatched like Carmelo 🤔?,"Minnesota Timberwolves, Philadelphia 76ers","sentiment_negative, type_humor"
600,1rpxi2v,"I figured out how SGA does it
If you know how officiating works, you know there's a seniority. At every game, there's a senior level ref who the other refs will defer to. SGA knows where that ref is at all times and makes sure that he can't see whether or not there was contact. So on this play in the 1st, he knows the ref behind him is not a rookie ref and therefore is expected to make calls himself (not defer). He also knows to angle his body so the ref can't tell whether or not it's a flop. (it is)....",Golden State Warriors,"sentiment_negative, type_humor"
602,1rpy72w,"This is why people hate Thunder defense. Jaylin Williams knows he can't block this shot with Murray in the way. Instead of accepting that, he bulldozes Murray, hoping the foul gets called prior to the shot.",Oklahoma City Thunder,"sentiment_negative, type_humor"
604,1rq10xh,Holy Sh*t - Lebron is a real Goat,Cleveland Cavaliers,"sentiment_positive, type_humor"
605,1rq5rki,"Adam Silver announces Atlantas “Magic City Night” will be replaced with MMA night where Isiah Stewart will fight Musa Diabate
“We saw the card set to go down at the White House and just had to respond in kind with a spectacle of our own.”",Atlanta Hawks,"sentiment_negative, type_humor"
606,1rq82rr,Just a picture of Luka and the Lakers,Los Angeles Lakers,"type_humor, sentiment_neutral"
607,1rq9is9,"In honor of the Jalen's. I present to you ""13 Johnson's""",Los Angeles Lakers,"sentiment_negative, type_humor"
610,1rqfc0r,Jaylen Brown realizing his hopes for an MVP is over and the Tatum documentary hasn't even dropped yet.,Boston Celtics,"sentiment_negative, type_humor"
614,1rqh75h,Bam Adebayo just single handily moved Kobe down a few spots on the all time great list,"Los Angeles Lakers, Miami Heat","sentiment_positive, type_humor"
616,1rqhe8n,Bam Adebayo against the wizards,"Miami Heat, Washington Wizards","type_humor, sentiment_neutral"
618,1rqhlr6,The 2025-26 Detroit Pistons might be the 2015 Atlanta Hawks reincarnated,"Atlanta Hawks, Detroit Pistons","type_humor, sentiment_neutral"
620,1rqhmc6,Bam Adebayo in the hall of fame between Kobe and Wilt,Miami Heat,"sentiment_positive, type_highlight, type_humor"
621,1rqhod0,Bam was just 11 points away from having the highest scoring game in the 2000s,Miami Heat,"sentiment_positive, type_humor"
622,1rqhokn,"Welcome to the GOAT Debate, Bam Adebayo!
The best part is I just watched the newest Jxmmy Highroller video about why it's impossible to score 100 points in today's NBA",Miami Heat,"type_humor, sentiment_neutral"
625,1rqi9z3,Kelel ware making a whole lotta sense now,Atlanta Hawks,"sentiment_positive, type_humor"
626,1rqil94,"I think I might be the NBA fan equivalent of bad luck Brian. (Congrats Bam).
Super fan Travels to Miami hoping to see his hometown team play.  Sees historic game where bam drops 83 points on their Heads.","Chicago Bulls, Miami Heat","sentiment_negative, type_humor"
627,1rqipag,"SGA seeing the Wizards let Bam attempt 43 FTs in a game
Not sure if OKC still has to play Washington but I bet there is a big red circle on SGA's calendar if they do.","Oklahoma City Thunder, Sacramento Kings, Washington Wizards","sentiment_negative, type_humor"
628,1rqisue,"Trae Young had to see 73 and 83 on his teams
Trae Young two years ago had Luka put 73 points on his team the same guy he got traded for: 

https://www.espn.com/nba/game/\_/gameId/401585262/mavericks-hawks

Fast forward today where Trae young is injured but Bam scored 83 on his team 

https://www.espn.com/nba/recap/\_/gameId/401810793

Might be cursed or something","Atlanta Hawks, Dallas Mavericks","sentiment_negative, type_humor, sentiment_neutral"
629,1rqix5l,"Moments before Historical Disaster
Oh Boy Im so excited to travel to Miami and see my hometown team play. Maybe we might be able to make a comeback in the second half and win a game. Congrats Bam.",Miami Heat,"sentiment_negative, type_humor"
630,1rqka0p,"Brandin Podziemski gave Jazz fans free chickens and a dub tonight.

Bro deserves a statue outside Delta Center for this 😭",Utah Jazz,"sentiment_positive, type_humor"
633,1rqlbch,"Best Conspiracy: Jaylen Brown Ejection
1) NBA didn't want Brown to distract from the Heat/Wizards Game

2) Nike wanted Jaylen out so he didn't upstage their athlete Wemby

3) NBA wanted a tight game. Advanced stats know JB is a net negative, ejection guaranteed a close game

4) Basketball gods cursed Brown with bad whistle over misspelling ""Naismith""

5) Drama: JB can't handle Tatum potentially taking the team back, emotions took over","Miami Heat, Washington Wizards","sentiment_negative, type_humor"
640,1rqyq80,Matas had a career high 41 PTS… And nobody cares 😩,Atlanta Hawks,"sentiment_negative, type_humor"
641,1rqyyc0,Do you think Bam has discovered the true nature of being a NBA player after his 83 point explosion?,Miami Heat,"sentiment_positive, type_humor"
642,1rqzrr9,I just hope all of Bam’s victims will get justice.,Miami Heat,"sentiment_negative, type_humor"
643,1rr0hpt,The entire NBA when a player not named LeBron has one of the greatest individual performances of all time,"Cleveland Cavaliers, Los Angeles Lakers, Miami Heat","sentiment_negative, type_humor"
644,1rr1bxt,That’s Seven Straight Hawks Wins!!!Ah Ah Ah Ah Ah Ah Ah!!!!!!!,Atlanta Hawks,"sentiment_positive, type_highlight, type_humor"
645,1rr1gd2,"Hottest in the NBA!!!!!!! Seven Straight Hox Wins!
AH AH AH AH AH AH AH AH",Houston Rockets,"sentiment_positive, type_humor"
646,1rr6nf0,"""I love basketball. What's wrong with shooting below average from the floor and getting 43 FT's? STOP HATING!""",Golden State Warriors,"sentiment_positive, type_humor"
650,1rrh68k,Suddenly 47% field goal percentage is bad to lakers fans,Los Angeles Lakers,"sentiment_negative, type_humor"
652,1rrkh5o,Steve Kerr would bench Bam after he scored 31 in the 1st quarter,Golden State Warriors,"sentiment_negative, type_humor"
654,1rrveg1,It gets to a point,Atlanta Hawks,sentiment_positive
655,1rrvpry,A fight made Kawhi smile,Toronto Raptors,"sentiment_positive, type_humor"
658,1rs2bvh,83 points is 83 points. It’s forever set in stone.,"Golden State Warriors, Houston Rockets","type_humor, sentiment_neutral"
659,1rs5o8m,Kobe fans aren’t real 😭😭😭,Los Angeles Lakers,type_humor
661,1rsb28u,Eight Straight Hawks Wins !!!!!!!!,Atlanta Hawks,"sentiment_positive, type_highlight"
663,1rsdj0p,Ayoooo what’s going on in Orlando?,Orlando Magic,"type_humor, sentiment_neutral"
667,1rsprk6,Bam’s 83 point game inspiring the Nuns to get it done! 🏀😅,"Minnesota Timberwolves, New York Knicks","sentiment_positive, type_humor"
668,1rsqw5h,Dejounte Murray with the most disrespectful crossover,Atlanta Hawks,"sentiment_positive, type_humor"
669,1rstcfu,"""let bam score 83 so he stops complaining about dpoy""                                       ""yes sir commissioner silver""","Detroit Pistons, Miami Heat","type_humor, sentiment_neutral"
671,1rt2znc,SGA and them damn shades man,Atlanta Hawks,"type_humor, sentiment_neutral"
672,1rt40uj,Trae Young is the ultimate Good Luck Charm... for the other team,Atlanta Hawks,"sentiment_negative, type_humor"
673,1rtaocv,Next stop for Kerr,Golden State Warriors,"type_humor, sentiment_neutral"
675,1rtb0tn,"Just trying to ride out the clock I guess
This was after a very long segment where John Wall listed colleges. Blake Griffin is now putting to use up the rest of the air time.",Washington Wizards,"type_humor, sentiment_neutral"
676,1rtiigm,Trae Young witnessed history... just on the wrong side,Atlanta Hawks,"sentiment_negative, type_humor"
677,1rtn68f,Blake Griffin doing the Kawhi laugh,LA Clippers,"type_humor, sentiment_neutral"
681,1rtwcs4,Steph moving like this at 8 years old is crazy!,Golden State Warriors,"sentiment_positive, type_humor"
683,1ru33ee,Doc Rivers reacts to Kyle Kuzma's incredible pass,"LA Clippers, Los Angeles Lakers","sentiment_positive, type_humor"
684,1ru3e0p,"""Fuck that thinner air in Denver. There’s about 15–20% less oxygen per breath there than at sea level. Shit's dangerous."" - Joel Embiid",Denver Nuggets,"sentiment_negative, type_humor"
685,1ru4bpn,Luka post game tonight,Dallas Mavericks,"type_humor, sentiment_neutral"
686,1ru59d9,"No sign of Jamal Jordan vs. the Lakers tonight.
Jamal finished with 5 points on 1-for-14 shooting and fouled out as the Nuggets fell to the Lakers in OT.","Denver Nuggets, Los Angeles Lakers","sentiment_negative, type_humor"
687,1ru7k0v,The Lakers finally got the W,Los Angeles Lakers,"sentiment_positive, type_humor"
688,1rubng9,"I'll be there when you're hurt, LeBoo","Indiana Pacers, Miami Heat","sentiment_negative, type_humor"
690,1rugmjt,I don’t blame him it’s literally lebron,Los Angeles Lakers,"type_humor, sentiment_neutral"
691,1ruj072,I miss when AI stood for Allen Iverson 💔,Philadelphia 76ers,"sentiment_negative, type_humor"
696,1ruxcqo,I thought Jordan played 15 seasons,Chicago Bulls,"sentiment_negative, type_humor"
700,1rvbv8m,You can't touch Shai but he can touch you,"Oklahoma City Thunder, Toronto Raptors","sentiment_positive, type_humor"
703,1rvthkx,TEN STRAIGHT HOX WINS!!! We run the south east!!! AH AH AH AH AH AH AH AH AH AH,"Atlanta Hawks, Charlotte Hornets","sentiment_positive, type_humor"
704,1rvtxp2,"Hey Kobe, I did it for you my Black Mamba 😩",Los Angeles Lakers,"sentiment_negative, type_humor"
705,1rvu6o1,Trust half The Process,Golden State Warriors,sentiment_neutral
706,1rvwjvp,A what sprain for Kawhi???,Toronto Raptors,"sentiment_negative, type_humor"
707,1rw2cm6,Spencer Jones getting the Paul George special,"Indiana Pacers, LA Clippers, Oklahoma City Thunder","sentiment_negative, type_humor"
711,1rwazb6,Bro thought he was Steph Curry,Golden State Warriors,"type_humor, sentiment_neutral"
713,1rwd996,KD after the lost to the Lakers,"Brooklyn Nets, Oklahoma City Thunder","sentiment_negative, type_humor"
715,1rwm1lp,Never forget that 17 years ago they let the Bulls wear Celtic jerseys against them,"Boston Celtics, Chicago Bulls","sentiment_negative, type_humor"
722,1rx6iep,Kenny Rogers smooth pump fake turns the goat into a ghost,"Houston Rockets, New York Knicks","sentiment_positive, type_humor"
726,1rxk9qk,New images of Alex Caruso's defence from last night emerge,Los Angeles Lakers,"type_humor, sentiment_neutral"
727,1rxknwu,Adam Silver showing up at expansion team negotiations,"Atlanta Hawks, Boston Celtics, Brooklyn Nets, Charlotte Hornets, Chicago Bulls","sentiment_negative, type_humor"
730,1rxojs0,Imagine what the top 2 picks of this draft class could do,"Atlanta Hawks, Boston Celtics, Brooklyn Nets, Charlotte Hornets, Chicago Bulls, Cleveland Cavaliers, Dallas Mavericks, Denver Nuggets, Detroit Pistons","sentiment_positive, type_humor"
731,1rxovhz,That’s Elem Wins Straight!!!!!!!!!!! AH AH AH AH AH AH AH AH AH AH AH,"Atlanta Hawks, Boston Celtics","sentiment_positive, type_humor"
732,1rxs8du,Impressive very nice. Now let's see Tim Duncan's gold medals.,San Antonio Spurs,"type_humor, sentiment_neutral"
733,1rxttyj,Nico Harrison needs to gets immortalized in Lakers lore,Los Angeles Lakers,"sentiment_positive, type_humor"
734,1rxug2x,"Lebron - Not ""The"" Goat... but a Goat none the less",Cleveland Cavaliers,"sentiment_positive, type_humor"
736,1rxxwmu,Dude is officially allergic to 30,Golden State Warriors,"sentiment_negative, type_humor"
737,1ry2e4u,OKC starting 5,Oklahoma City Thunder,"type_humor, sentiment_neutral"
741,1ry7tgx,It only took 7 years for Deandre Ayton to realize he’s not a superstar,Phoenix Suns,"sentiment_negative, type_humor"
745,1ryhe5b,Ime wanted Bronny on the court,Los Angeles Lakers,"sentiment_positive, type_humor"
746,1ryj5f5,Luka really had Karens flipping him off💀,Dallas Mavericks,"sentiment_negative, type_humor"
748,1ryk8aq,Is Bam going for SGA's record of consecutive 20+ points games?,Miami Heat,"type_humor, sentiment_neutral"
750,1rypi6e,Barkley discussing the Lakers on this week’s Inside the NBA:,Los Angeles Lakers,"type_humor, sentiment_neutral"
751,1ryuz00,Current status of the Houston Rockets,Houston Rockets,"sentiment_negative, type_humor"
754,1rz4elb,Georgia really lost by 33 to this dude,Atlanta Hawks,"sentiment_negative, type_humor"
755,1rz9f5b,"Because of the 60pts, ESPN are forced to talk about him only now",Golden State Warriors,sentiment_negative
756,1rzhgv8,Jalen Green traveled all the way to his hometown Philippines,Houston Rockets,"type_humor, sentiment_neutral"
757,1rzknxg,Jayson Tatum and Kyle Kuzma really used to be a debate 😭,"Boston Celtics, Los Angeles Lakers","sentiment_negative, type_humor"
759,1rzm8qf,Live listen in to LeBron fans who call him “King”,Los Angeles Lakers,"sentiment_positive, type_humor"
761,1rzvspb,Bruh Bronny,Los Angeles Lakers,"type_humor, sentiment_neutral"
762,1rzzp0m,Bol Bol looking like Wemby… In the Philippines 🤣😏,Denver Nuggets,"type_humor, sentiment_neutral"
764,1s0aa2d,Hawks in the win column. It was a golden win.,"Atlanta Hawks, Golden State Warriors","sentiment_positive, type_humor"
767,1s0gww7,How many games is this team losing?,"Atlanta Hawks, Boston Celtics, Brooklyn Nets, Charlotte Hornets, Chicago Bulls, Cleveland Cavaliers, Dallas Mavericks, Denver Nuggets, Detroit Pistons, Golden State Warriors, Houston Rockets, Indiana Pacers, LA Clippers","sentiment_negative, type_humor"
768,1s0iex4,after luka got his final tech for trash talking in Serbian,Dallas Mavericks,"sentiment_negative, type_humor"
769,1s0iwsd,"Kennard is a blessing for the Lakers. Stats don't lie.
Dangerous hungry white boy. Everything that Dalton should have been man 😭 feel sorry for Dalton fr tho.",Los Angeles Lakers,"sentiment_negative, type_humor"
772,1s0pbsg,"If SGA wins another MVP and title, would he have a legitimate case over Dwyane Wade all-time?",Atlanta Hawks,"type_humor, sentiment_neutral"
774,1s0rots,Why does the original Timberwof look so baked? lol,Minnesota Timberwolves,"type_humor, sentiment_neutral"
775,1s0smsa,Dude Changed His Jersey Right After Luke Kennard's Game Winner,Detroit Pistons,"type_humor, sentiment_neutral"
777,1s1568y,Kuminga contributed to Warriors so Podz helped him,Golden State Warriors,"type_humor, sentiment_neutral"
778,1s17scy,"Obviously a lane violation, but only called when needed.",Boston Celtics,"type_humor, sentiment_neutral"
779,1s1efpq,"Bol Bol refuses to do post game interview / press conference after earning Player of the Game honors in first win overseas
Way to show some professionalism with that attitude lol 😂

For context, that exact guy pleading with him after the game his current team’s general manager.",Denver Nuggets,"sentiment_negative, type_humor"
781,1s1knht,Could the Lakers win it all?,Los Angeles Lakers,"type_humor, sentiment_neutral"
785,1s20lre,Bam Adebayo puts up 81 points if you look at the numbers in a mirror 👍,Miami Heat,"sentiment_positive, type_humor"
786,1s20rhb,That’s Two Str8 More Than Great Wins!! Ah Ah!!,Atlanta Hawks,"sentiment_positive, type_humor"
788,1s24brs,Should Doc Rivers make the Hall of Fame?,LA Clippers,"type_humor, sentiment_neutral"
790,1s2fq0a,Damn this look like a move that Chris Paul would do 😅,LA Clippers,"type_humor, sentiment_neutral"
791,1s2inio,Bruh Embiid,Philadelphia 76ers,"type_humor, sentiment_neutral"
794,1s2rc01,The greatest basketball scene in the history of cinema,Indiana Pacers,"sentiment_positive, type_highlight, type_humor"
795,1s2t069,"Kyle ""Slo-mo"" Anderson's handle","Atlanta Hawks, San Antonio Spurs","type_humor, sentiment_neutral"
796,1s314j7,Lakers fans were frustrated with the officiating vs. the Pistons,"Detroit Pistons, Los Angeles Lakers","sentiment_negative, type_humor"
798,1s3eg0y,Lakers fans switch up fast,Los Angeles Lakers,"type_humor, sentiment_neutral"
799,1s3fxo2,THANK YOU NICO!! YOU SAW THE VISION,Brooklyn Nets,type_highlight
800,1s3gh2c,Dwyane Wade in NBA ShootOut 2004,Miami Heat,"sentiment_positive, type_humor"
803,1s3uf18,Anyone else think D White lowkey looks like a baby with a beard?,"Charlotte Hornets, Chicago Bulls","type_humor, sentiment_neutral"
804,1s3uflk,"“Wemby only has 16 points, drop him down in the MVP rankings, I am a very serious voter who definitely watches the games”",San Antonio Spurs,"sentiment_negative, type_humor"
807,1s3vtu9,Dennis Schröder 2.0,"Milwaukee Bucks, Oklahoma City Thunder","type_humor, sentiment_neutral"
811,1s3yi06,Living off of one good season in Boston,Boston Celtics,"sentiment_negative, type_humor"
812,1s44v2n,"there is no universe, no multiverse, no omniverse, which this is a flagrant and one",Atlanta Hawks,sentiment_negative
814,1s47k1i,Three Straight The Hard Way. But…A Quality Road Win In Detroit!!! Ah Ah Ah!!!,Detroit Pistons,"sentiment_positive, type_humor"
816,1s4by1a,"The Sacramento Kings got beat so badly, their social media pages didn't want to post the final score bruh",Sacramento Kings,"sentiment_negative, type_humor"
817,1s4c908,Derrick White vicious foul on SGA,San Antonio Spurs,"sentiment_negative, type_humor"
819,1s4gkgd,Nikola Jokic's character sheet. Devs still refuse to nerf.,Denver Nuggets,"sentiment_negative, type_humor"
820,1s4gs79,"Sir, Caitlin Clark just murdered Lebron James",Los Angeles Lakers,"sentiment_negative, type_humor"
821,1s4hb7e,"After the wolves win against the rockets
Fuck Kevin Durant!!!  Dudes was really trying to cheat and win with refs last night. This is a throwback song that is relevant now.","Houston Rockets, Minnesota Timberwolves","sentiment_negative, type_humor"
822,1s4il10,Look Who's Tanking,"Atlanta Hawks, Boston Celtics, Brooklyn Nets","sentiment_negative, type_humor"
823,1s4krem,LoL! Isiah Thomas still upset that MJ made sure he couldn’t be on the Dream Team in 1992,"Chicago Bulls, Detroit Pistons","sentiment_negative, type_humor"
825,1s4qlw0,Kevin Durant helps the Barnyard crew save the day,Oklahoma City Thunder,"sentiment_positive, type_humor"
827,1s4tuh8,"M0NST⭐️R JALEN DUREN 2076!
Jalen Duren #0",Atlanta Hawks,"sentiment_positive, type_humor"
828,1s4usje,"Nikola ""Gru"" Jokic",Denver Nuggets,"type_humor, sentiment_neutral"
829,1s51di0,Luka Doncic's character sheet. Known bugs: transition defense not included in this build,Dallas Mavericks,"type_humor, sentiment_neutral"
832,1s5bg7m,Adam Silver determining which teams to punish for tanking after the new rule changes:,"Atlanta Hawks, Boston Celtics, Brooklyn Nets, Charlotte Hornets, Chicago Bulls","sentiment_negative, type_humor"
833,1s5cyam,Adam silver when the pacers might have their first top 5 pick in 40 years,Indiana Pacers,"sentiment_positive, type_humor"
836,1s5o9yt,Jordan wannabe,Chicago Bulls,"sentiment_negative, type_humor"
837,1s5qnsi,[OC] What KD would look like if his CeraVe ad was true,Oklahoma City Thunder,"type_humor, sentiment_neutral"
838,1s5sqa3,"You literally can't tough Shai, it's just physics","Oklahoma City Thunder, Toronto Raptors","sentiment_positive, type_humor"
839,1s5zqs6,Ima tell my kid this guy scored more than Kobe,Los Angeles Lakers,"sentiment_positive, type_humor"
840,1s61sb5,LeBron's character sheet. Year 22. The process cannot be terminated.,Cleveland Cavaliers,"sentiment_negative, type_humor"
841,1s61xd0,"My favorite thing about the LeBron vs. Skip Bayless feud is that it’s always one-sided. Skip Bayless has tried everything to get his attention, but LeBron has never acknowledged him.",Los Angeles Lakers,"type_humor, sentiment_neutral"
842,1s645yr,Shai and Tatum pay tribute to Kobe,"Boston Celtics, Oklahoma City Thunder","sentiment_positive, type_highlight"
843,1s64mhb,Took the Mid from Akron and son 2 years just to get 1 assist,Cleveland Cavaliers,"sentiment_negative, type_humor"
846,1s6c22k,"It’s not “goodbye”, it’s see you later @chicagobulls",Chicago Bulls,"sentiment_positive, sentiment_neutral"
847,1s6jn0z,One Royal Atl Hawks Win! Bow Down Kings! Ah ah!!,"Atlanta Hawks, Sacramento Kings","sentiment_positive, type_humor"
848,1s6jtvt,Jalen Duren hit a tough shot over Zion Williamson then smacked Zion in the butt,New Orleans Pelicans,"sentiment_negative, type_humor"
849,1s6oe9u,Which duo would win the most rings?,"Chicago Bulls, Los Angeles Lakers","type_humor, sentiment_neutral"
851,1s6vp43,Freeze frame of Sengun shaking the blood off his lip from the Rockets vs Timberwolves game lol,"Houston Rockets, Minnesota Timberwolves","sentiment_negative, type_humor"
852,1s6ym3t,Might have to sub Steve Kerr in,Golden State Warriors,"sentiment_negative, type_humor"
853,1s708az,"Pre Champs vs Champs
Phil Jackson coaching the Pre champs​​, Pat Riley​​ coaching the champs. ​Young and athletic vs ​the savvy vets? ​​​​​Which version of these squads win?

Edit: No Nets Kidd, Heat Lebron or Laker Shaq for obvious reasons​​",Los Angeles Lakers,"type_humor, sentiment_neutral"
854,1s73m7v,"Oh, the markets they'll overlook!
I really began to think about this as Houston took the WNBA back from Connecticut, and thinking about how KC and Rain City never got their flowers after Sacramento and Memphis took them away and let them wilt.",Houston Rockets,"sentiment_negative, type_humor"
855,1s78a5t,What else must Luka do to win MVP?,Dallas Mavericks,"type_humor, sentiment_neutral"
857,1s7as98,Name a better jersey swap,Atlanta Hawks,"type_humor, sentiment_neutral"
858,1s7c3vd,Jokic Daydreaming,Denver Nuggets,"type_humor, sentiment_neutral"
859,1s7d1rw,You can be the next PAT BEV (2025)!!!,Los Angeles Lakers,"sentiment_positive, type_humor"
861,1s7f1rs,Did my boy Bronny dirty,Los Angeles Lakers,"sentiment_positive, type_humor"
863,1s7jequ,"Jimmy Butler character sheet. 4 teams, 3 suspensions, 1 ACL. The build is chaos!","Atlanta Hawks, Boston Celtics, Charlotte Hornets, Chicago Bulls, Cleveland Cavaliers, Dallas Mavericks, Denver Nuggets, Miami Heat, Minnesota Timberwolves, New Orleans Pelicans, New York Knicks","sentiment_negative, type_humor"
864,1s7mvir,Greatest 1 hit wonder?,Atlanta Hawks,"type_humor, sentiment_neutral"
865,1s7nbi8,Are The Magic Okay?,Orlando Magic,"type_humor, sentiment_neutral"
867,1s7uo0a,Prime glassman Day-to-Davis,New Orleans Pelicans,"sentiment_positive, type_humor"
868,1s7uutj,"""The most hyped prospect since LeBron""",Cleveland Cavaliers,"sentiment_positive, type_highlight, type_humor"
871,1s887kc,DEEEEETROIT BASKETBALLLL,Detroit Pistons,"sentiment_negative, type_humor"
875,1s8ejxu,Ant didn't start in the game tonight because he was taking a shit lmao,"Atlanta Hawks, Charlotte Hornets, Cleveland Cavaliers","sentiment_negative, type_humor"
876,1s8eqcg,SGA with 25 FTAs tonight,Golden State Warriors,"type_humor, sentiment_neutral"
877,1s8hn84,TIL: DeMarcus Cousins still plays pro basketball… in Mongolia 🇲🇳,Sacramento Kings,"type_humor, sentiment_neutral"
879,1s8l8ym,"I'm Embarrased - Hawks Logo
I've been a fan since I was a kid who moved to Atlanta in 1992. Thirty-plus years!

I was on [NBA.com](http://NBA.com) just now looking at standings, and I noticed something that I never have before...I finally saw the Hawks logo the way it was meant to be seen.

My whole life I've been viewing it right to left. It always looked like some predatory Pac-Man-esque creature, like a hawk with a single tooth and open beak snapping at prey or something.

But today, for the first time ever, I viewed it left to right. And it's clearly just... a hawk. In flight probably. That's it. That's the whole thing.

I feel like an idiot. Thirty years. I can't be the only one. Right? Right??",Atlanta Hawks,"sentiment_positive, type_humor"
881,1s8o6q8,Anthony Edwards character sheet. 421-game starting streak ended by a toilet!,Minnesota Timberwolves,"sentiment_negative, type_humor"
882,1s8ovvz,"""shit man just do what you do."" - LaMelo the vet",Charlotte Hornets,"type_humor, sentiment_neutral"
883,1s8pe51,Hawks Crept Up On The Leprechauns And BLADOW💥 2 Str8 Wins!!,"Atlanta Hawks, Boston Celtics","sentiment_positive, type_humor"
888,1s9860d,"But when you slightly touch Shai, it's a foul",Oklahoma City Thunder,"sentiment_negative, type_humor"
889,1s9b0ib,Go Blazers,Portland Trail Blazers,"sentiment_positive, type_humor"
890,1s9dhu5,Anyone still thinks Jaylen Brown is better than Luka Doncic?,"Boston Celtics, Dallas Mavericks","sentiment_negative, type_humor"
892,1s9oyog,Bruh AD,"Los Angeles Lakers, New Orleans Pelicans","type_humor, sentiment_neutral"
895,1s9s49m,Cool! Looks like I’m Wemby then 😎,Atlanta Hawks,"sentiment_positive, type_humor"
896,1sa25bl,It’s rough out there for us bulls fans rn,Chicago Bulls,type_humor
897,1sa4bro,He asked Ant if he ever took a number 2 during a game two years ago.,"Atlanta Hawks, Detroit Pistons","type_humor, sentiment_neutral"
898,1sa4dec,The Magic Doesn’t Work on The Hawks!!! That’s three straight wins!!! Ah Ah Ah!!!,"Atlanta Hawks, Orlando Magic","sentiment_positive, type_humor"
899,1sa57ev,"SGA is the 4th referee, you can't touch him",Atlanta Hawks,"type_humor, sentiment_neutral"
903,1sa7jd3,Hawks Sweep The Magic.,"Atlanta Hawks, Orlando Magic","sentiment_positive, type_humor"
904,1saaayw,delayed revenge but spurs fans never forget,San Antonio Spurs,"sentiment_negative, type_humor"
905,1sacexg,"Forget the 100 point record, which player is mostly likely to get a quadruple double again? 👀",Oklahoma City Thunder,"type_humor, sentiment_neutral"
906,1sacr69,The Milwaukee Antetokounmpos,Milwaukee Bucks,"type_humor, sentiment_neutral"
908,1sagkec,Jason Kidd responded to comments from Mark Cuban indicating that Kidd was involved in the process of trading Luka. Bro just wants to leave the past behind 😅,"Brooklyn Nets, Dallas Mavericks","type_humor, sentiment_neutral"
909,1sagknh,More free throws for SGA!,Golden State Warriors,"sentiment_positive, type_humor"
910,1sale76,"""April Fools""",Atlanta Hawks,"type_humor, sentiment_neutral"
911,1sallit,Victor Wembanyama be moving like Mr.Fantastic 😆😆,San Antonio Spurs,"sentiment_positive, type_humor"
912,1sb15qe,The Lakers are contenders,Los Angeles Lakers,"sentiment_positive, type_humor"
914,1sb1vac,Petition to replace the Lakers logo,Los Angeles Lakers,"sentiment_negative, type_humor"
916,1sb29i3,Thunder and Spurs really on a tier of their own 💀,"Oklahoma City Thunder, San Antonio Spurs","sentiment_negative, type_humor"
917,1sb2krx,Bronny hits a huge three to cut the lead to 42,Los Angeles Lakers,"sentiment_positive, type_humor"
920,1sb3bwx,Luka missing out on All-NBA for a 2nd straight year.,Dallas Mavericks,"sentiment_negative, type_humor"
921,1sb8j05,"""Pack your bags Bronny, we're going back to Cleveland""",Cleveland Cavaliers,"sentiment_negative, type_humor"
922,1sb8nra,The NBA if it was only cities where players want to live,"Atlanta Hawks, Brooklyn Nets, Charlotte Hornets","sentiment_negative, type_humor"
923,1sbhwd4,What the heck is Schröder doing?,"Atlanta Hawks, Oklahoma City Thunder","sentiment_negative, type_humor"
924,1sbikip,"Luka at OKC losing MVP race
https://youtu.be/Y9j3heYZAk8?si=ktHKX4K6j8X2EMls

Luka going down vs okc. Sorry MVP season. Shai it’s yours to lose to Wemby now",Oklahoma City Thunder,"sentiment_negative, type_humor"
926,1sbwxq1,Lebron not in the Epstein files in any substantial way,Cleveland Cavaliers,"type_humor, sentiment_neutral"
927,1sbzft5,Hawks Stomping Thru Brooklyn Like What!!!! Four Straight!!!!,"Atlanta Hawks, Brooklyn Nets","sentiment_positive, type_humor"
928,1sccjm2,SGA's signature push-off will win him this noble award,Chicago Bulls,"sentiment_positive, type_humor"
929,1sch52t,"Rudy Gobert is the best defender of all time! He's so good in fact, that he was able to lock down the entire NBA!",Utah Jazz,"sentiment_positive, type_humor"
931,1scm7w3,Can we all agree it’s over? Jokic is the MVP!,Denver Nuggets,"sentiment_positive, type_highlight, type_humor"
932,1scmj57,"Lakers’ fans relax, we good",Los Angeles Lakers,"sentiment_positive, type_humor"
933,1scnehm,Wemby vs Jokic today,Denver Nuggets,"type_humor, sentiment_neutral"
934,1sco52w,"I don’t think many people understand that Langston Galloway is mostly responsible for qualifying Team USA to them World Cups in the first place
LeBron who? This here is the real Captain America!

Man is always available to rep the flag in FIBA competition whenever the NBA guys are still in the middle of the season. 🫡",New York Knicks,"sentiment_positive, type_humor"
935,1scpmg0,Lakers fans are a different breed,Los Angeles Lakers,"sentiment_positive, type_humor"
937,1scrzzh,LeBron and Bronny became the first father-son duo to cut the lead to 42,Los Angeles Lakers,sentiment_positive
938,1scu49s,With Luka &amp; AR out for round 1:,"Dallas Mavericks, Los Angeles Lakers","sentiment_negative, type_humor"
942,1sdb912,Figuring out how to survive the first round in the playoffs,"Atlanta Hawks, Boston Celtics, Brooklyn Nets, Charlotte Hornets, Chicago Bulls, Cleveland Cavaliers, Dallas Mavericks, Denver Nuggets, Detroit Pistons, Golden State Warriors, Houston Rockets, Indiana Pacers, LA Clippers, Los Angeles Lakers, Memphis Grizzlies, Miami Heat, Milwaukee Bucks, Minnesota Timberwolves","type_humor, sentiment_neutral"
943,1sdcoud,Luka Dončić and Austin Reaves are in the hospital,"Atlanta Hawks, Dallas Mavericks",sentiment_negative
944,1sdcr8f,Do you know there’s something called LeBron loneliness? LeBron is going to carry the playoffs all by himself this year 😥 LeLoneliness 😩,Los Angeles Lakers,"sentiment_negative, type_humor"
